cell_id,x_center_m,saturation_analytical,pressure_analytical_pa
1,0.05,0.55,92763.1286595
2,0.15,0.55,92763.1286595
3,0.25,0.55,92763.1286595
4,0.35,0.55,92763.1286595
5,0.45,0.55,92763.1286595
6,0.55,0.55,92763.1286595
7,0.65,0.55,92763.1286595
8,0.75,0.55,92763.1286595
9,0.85,0.55,92763.1286595
10,0.95,0.55,92763.1286595
